<?xml version="1.0" encoding="UTF-8"?>
<project-private xmlns="http://www.netbeans.org/ns/project-private/1">
    <editor-bookmarks xmlns="http://www.netbeans.org/ns/editor-bookmarks/2" lastBookmarkId="0"/>
    <open-files xmlns="http://www.netbeans.org/ns/projectui-open-files/2">
        <group>
            <file>file:/C:/Users/ander/Documents/NetBeansProjects/exercicio03/web/jspCalculadora.jsp</file>
            <file>file:/C:/Users/ander/Documents/NetBeansProjects/exercicio03/src/java/Controle/Calcula.java</file>
            <file>file:/C:/Users/ander/Documents/NetBeansProjects/exercicio03/web/calculadora.jsp</file>
        </group>
    </open-files>
</project-private>
